"path","sha256","bytes"
"GDD/00-总览.md","0A23FFC55E74CF362B295F6EB0CD84DE209ACD3D09221444772759E35176A2C8","2301"
"GDD/08-待讨论问题.md","562AD69F4C562CE335DCD40730001A97FE82EEBC036DB91BBCD6203BA8E0F23F","1092"
"GDD/GDD_放置肉鸽_战斗即构筑_归档_v0.2.md","A26747AF2B4381F84B6E6E5CD623982C9D6F633CBBF980E3EA7BC4A7770EB99B","38033"
"GDD/README.md","6900E7B8D8BA6272604A5728A830AFFBC84CAA8AECE64232587E72E21516113F","1547"
"GDD/01-战斗系统/01-战斗规则.md","FCDF9756931BA7E89662BAD85AF5791E746E55395B550507B8998182DBF89FDC","3289"
"GDD/01-战斗系统/02-敌人设计.md","A952C7AB240EA1AFB8BB27E2ECD50E76C17123C0CD937533986E53F285670683","6258"
"GDD/01-战斗系统/02-战斗UI.md","0589C91C8B1E40EF726E119A95E6E0E699B8CBBD89E6F8948432EEEDF129E609","7637"
"GDD/01-战斗系统/03-技术实现.md","31C7B0499A5EC3BED1711CAC811644397B9ACD1408E49B324E0E7FB719A89DB9","9775"
"GDD/01-战斗系统/03-战斗数值验证表.md","96A734B592B7EBE4C1FAF7FDE130EBAD84445F69BF47C95237B9A3D658D6F048","6002"
"GDD/02-地图系统/01-地图设计.md","1FDD69BC8EC53D68783B6FBFBADD299E36FF5B9D3D3339BA8CB5FC15E95FC9D0","1832"
"GDD/02-地图系统/02-地图生成算法.md","AA1D1E783C8B3142C78159F38992D4DE940328C655955FD35C5DCF1C2A624129","8502"
"GDD/02-地图系统/03-随机事件库.md","CC4E0F41208914E3EC47E482257B9C7BCE33C6E7D2AE4BF73F8B8C4A7C3B2CB5","12148"
"GDD/02-地图系统/04-交互节点UI.md","2078849F726E1A167CC32585689CDA653D0F96A6B9B2C0EF7B33E25619BF4663","16080"
"GDD/03-装备系统/01-装备基础.md","685B13BF92A9962FB5E67E4620293713AB19D55DA9E86D47E8436B4294383408","1796"
"GDD/03-装备系统/02-词条系统.md","C997251B7FF55F63AF9625ADF9544C49467BA2257EFB04F869C350C94F100F5E","2689"
"GDD/03-装备系统/03-强化系统.md","8A3F04F31F646EEA31006B86D0DF9868E52AC579AE61ADD2B395B48D8C598876","1367"
"GDD/03-装备系统/04-重铸系统.md","223ED6A657AD0A1079811F263C146E37F4AB53E4D87E930BEF0FBF7FBDA633CD","989"
"GDD/03-装备系统/05-套装系统.md","B87D600916FC213DC959430FAEF6A08C4ECED4BADB5A678DAFB713C501729C5A","2077"
"GDD/03-装备系统/06-装备配置表.md","4D63463339F7F682F7EA87BC2E78DFAB6A2029F3C884D230EDE40E34AF792FF8","8965"
"GDD/04-技能系统/01-技能基础与效果原子.md","0560F8ECC13B0DADF9E4568C11FFAE304BC6581DB284A90E0C248E8E8E558531","3593"
"GDD/04-技能系统/02-战士技能.md","BAA3E8D98418A807B864D7AA96D726F344FEF8160E68CBA5D5307CF3BF6DD96F","1505"
"GDD/04-技能系统/03-法师技能.md","6B69CC689BB36D49F9FE2C0BF235C3658A734B8E53F95F3A654A04B9DABBCBE9","1652"
"GDD/05-英雄职业/01-战士.md","ED000E650F8A85054B2DD392826FC442F89EDE7C76A1BD02ABF0043BACB688D1","1705"
"GDD/05-英雄职业/02-法师.md","F9E19EE49A414DFE59BFC5E119CBC482272EF81F87684A612AD5964D9E00220B","1884"
"GDD/06-局外养成/01-局外养成.md","29524447307D17D506FB2C7D3CC01C2783E750A2E32753AAF1A51A04A01D0EB8","1814"
"GDD/07-技术架构/01-技术架构.md","DB55B06550A1066F35D141A84ACA358FA621BCFA7073D6F67BA9691352E1E5D6","6215"
"GDD/07-技术架构/godot_interface_specifications.md","C435680177A89A372DEAD122F5A9A5AC776AC198F08BA4D29EB22C7EC3F1D05F","7606"
"GDD/07-技术架构/godot_mcp_setup_and_test.md","82B5B1FE3810E813B0727EF015BB92FD735B73C60C992EDB3E67D3692F866ABA","4331"
"GDD/07-技术架构/godot_scene_structure.md","4D1854EDA14B00ADEA51FB399DCDD7FF8C85B72BA41689093497DB81459094DC","3144"
"GDD/07-技术架构/godot_signal_connections.md","AA2443CB55CC51827B8B63BC35D1A5F09AE2033C0CC6E8B89B698EFB9644AD1E","5492"
"GDD/07-技术架构/godot_visual_hierarchy.md","045F591131676CB0613C07D142CD6BAB5F813CD93088828CD2F0A7BD6DCC9B46","4753"
"GDD/07-技术架构/mcp_connection_test_report.md","B1077A3BB46DF7DDC9B772A1B0972BB2C993F4821E3B852763E28A7F117E66F8","2430"
"GDD/07-技术架构/README_GODOT_DOCS.md","44833756DCC909E93FA87D360405F2BF506B001A683E175293B5A74FDE67A74A","1436"
"project-plan/01-原型阶段.md","C213A4A584BF469594E5ED92016BE23336D8AC95325AB82B67091E32C7FA2C26","4369"
"project-plan/02-Demo阶段.md","822D828C89965B5A01FE612C9213ACB90BD6FA8D249777E7E1D4DFCB1249E046","4674"
"project-plan/03-正式版.md","936209DB841C1962A2D81E149B7A0536BB89198DBC77F051DC861D655C3FE07A","5131"
"README.md","1344EB9F7610859269568CD5E3C80D08F2D8C6261FBA30B16764A3EDCAB4E2F0","4381"
