id,name,stage,ap,next_ids,adjacent_ids,family,initial_landmark,hp_mult,atk_mult
village,鹿鸣村,0,0,briar|ruins,briar|ruins,,0,1,1
briar,荆棘林地,1,6,quarry|river,village|ruins|quarry|river,thorn,1,1,1
ruins,遗风丘陵,1,6,river|ember,village|briar|river|ember,storm,0,1,1
quarry,苔石矿谷,2,6,frost,briar|river|frost,thorn,0,1.25,1.15
river,银月渡口,2,6,frost|ash,briar|ruins|quarry|ember|frost|ash,storm,0,1.25,1.15
ember,余烬荒原,2,6,ash,ruins|river|ash,ember,1,1.25,1.15
frost,霜落高地,3,6,castle,quarry|river|ash|castle,storm,1,1.5,1.3
ash,灰烬边城,3,6,castle,river|ember|frost|castle,ember,0,1.5,1.3
castle,魔王城,4,0,,frost|ash,final,1,1,1
