id,value,unit,description
region_ap,6,points,每探索区时段
exploration_regions_per_run,3,regions,每局途经探索区
optional_activities,3,count,每区抽选活动数
party_max,3,units,含主角
start_gold,15,gold,起始金币
level_cap,4,level,小队等级上限
rest_heal_pct,50,percent,营地全队恢复
merchant_heal_pct,80,percent,行商补给
merchant_heal_gold,25,gold,补给金币成本
merchant_gear_gold,30,gold,精良散件成本
chest_gold,15,gold,宝箱金币
patrol_gold,12,gold,巡游胜利金币
repeat_hp_step_pct,15,percent,每次已胜利副本增加首领HP
repeat_atk_step_pct,10,percent,每次已胜利副本增加首领ATK
repeat_step_cap,2,count,重复挑战最多加压层数
fine_stat_mult,1.15,multiplier,精良基础属性倍率
boss_fine_chance_pct,30,percent,首领精良概率
burn_damage_per_stack,7,damage,每层灼烧伤害
burn_stack_cap,3,stacks,灼烧上限
burn_ticks,3,target_turns,刷新后剩余跳数
mark_armor_reduction,4,armor,标记减甲
mark_target_actions,3,actions,标记计时
shield_max_hp_pct,50,percent,护盾叠加上限
enrage_start_round,9,round,敌方压力开始
enrage_atk_step_pct,15,percent,每轮敌攻击增幅
battle_round_cap,30,round,战斗硬上限
regen_heal,6,hp,再生被动
fury_atk_pct,15,percent,强攻攻击增幅
fury_armor,-2,armor,强攻护甲代价
resolve_armor,3,armor,稳固护甲
resolve_speed,-2,speed,稳固速度代价
priest_heal_threshold_pct,70,percent,低于阈值治疗
hero_skill_slots,1,slots,主动槽
hero_passive_slots,1,slots,被动槽
